obs;Salário;Feminino;Não branco;Sindicato;Escolaridade;Experiência;;Salário = salário por hora em dólares (US$/hora)
1;11,55;1;0;0;12;20;;Feminimo = 0 se homem e 1 se mulher
2;5,00;0;0;0;9;9;;Não branco = 0 para branco e 1 para não brancos
3;12,00;0;0;0;16;15;;Sindicato = 1 se sindicalizado e 0 para não sindicalizado
4;7,00;0;1;1;14;38;;Escolaridade = escolaridade em anos
5;21,15;1;1;0;16;19;;Experiência = experiência em anos
6;6,92;1;0;0;12;4;;
7;10,00;1;0;0;12;14;;
8;8,00;1;1;0;12;32;;
9;15,63;0;0;0;18;7;;
10;18,22;1;0;0;18;5;;
11;20,00;0;0;0;20;31;;
12;4,35;1;0;0;12;7;;
13;5,00;0;0;0;5;31;;
14;8,25;0;1;0;12;14;;
15;15,00;0;0;1;12;15;;
16;19,00;1;1;1;14;26;;
17;18,00;0;1;1;14;23;;
18;7,07;0;0;1;16;4;;
19;8,00;0;0;0;14;16;;
20;25,00;0;0;0;14;27;;
21;17,30;1;0;0;12;44;;
22;16,00;1;0;0;12;38;;
23;5,00;1;0;0;12;19;;
24;8,25;0;0;0;12;13;;
25;8,00;1;0;1;12;14;;
26;13,69;1;1;0;12;20;;
27;19,90;0;0;0;12;26;;
28;22,00;1;1;1;12;17;;
29;6,50;1;0;0;12;1;;
30;12,00;1;1;0;12;19;;
31;13,39;0;0;0;12;34;;
32;36,85;0;0;0;20;21;;
33;27,47;0;0;0;16;25;;
34;6,00;0;1;0;12;2;;
35;21,54;1;0;1;18;19;;
36;12,43;0;0;0;12;7;;
37;19,70;0;0;0;12;33;;
38;7,50;1;0;0;12;11;;
39;25,95;0;0;0;18;12;;
40;25,95;1;0;0;16;13;;
41;11,53;1;0;0;18;29;;
42;5,50;1;0;0;12;2;;
43;9,62;0;0;0;12;10;;
44;5,25;1;1;0;12;3;;
45;11,50;0;0;0;12;9;;
46;17,00;0;0;0;16;30;;
47;11,00;0;0;1;12;30;;
48;13,00;1;0;0;12;29;;
49;7,32;0;0;0;12;2;;
50;5,50;0;0;0;12;6;;
51;11,52;0;0;0;12;33;;
52;15,00;0;0;0;12;37;;
53;13,50;0;0;1;12;16;;
54;6,75;1;0;0;11;12;;
55;12,50;0;0;0;12;12;;
56;7,10;0;0;0;9;28;;
57;6,00;0;1;0;11;35;;
58;14,43;0;0;0;16;9;;
59;13,78;1;0;0;16;2;;
60;5,00;1;1;0;12;7;;
61;4,49;1;1;1;10;31;;
62;10,00;0;0;0;5;42;;
63;5,00;1;0;0;12;37;;
64;17,68;1;0;1;16;33;;
65;4,38;1;1;0;12;23;;
66;6,88;1;0;0;12;12;;
67;12,50;1;0;0;12;25;;
68;13,90;1;0;0;16;8;;
69;7,00;0;0;0;12;41;;
70;12,00;0;0;1;11;32;;
71;9,00;0;0;0;12;15;;
72;6,50;0;0;0;11;6;;
73;16,00;0;0;1;12;42;;
74;2,13;1;0;0;12;12;;
75;9,62;0;1;0;12;21;;
76;20,20;1;0;0;18;21;;
77;14,43;1;0;0;20;2;;
78;35,83;0;0;0;20;20;;
79;16,67;1;0;0;14;11;;
80;23,08;0;0;1;18;25;;
81;4,25;0;0;0;14;7;;
82;5,50;1;0;0;12;25;;
83;15,59;0;0;0;12;36;;
84;6,94;1;1;0;14;26;;
85;25,00;1;0;0;14;30;;
86;5,00;0;0;0;12;3;;
87;15,68;1;0;1;16;21;;
88;9,53;1;1;0;12;19;;
89;11,00;0;0;0;12;7;;
90;4,25;1;0;0;12;0;;
91;4,00;1;1;0;12;34;;
92;8,25;0;0;0;12;15;;
93;22,00;0;0;1;12;15;;
94;5,15;1;0;0;12;1;;
95;4,70;0;0;0;16;1;;
96;8,00;0;0;0;1;26;;
97;12,00;0;1;1;11;32;;
98;2,00;1;0;0;5;14;;
99;5,00;0;0;0;9;12;;
100;7,00;0;0;0;12;3;;
101;12,00;0;0;1;5;30;;
102;17,49;0;0;0;12;14;;
103;6,75;0;1;0;10;9;;
104;6,50;1;1;0;14;5;;
105;4,50;1;0;0;1;26;;
106;8,65;1;1;0;16;18;;
107;10,00;0;0;0;9;8;;
108;5,50;1;0;0;1;20;;
109;7,50;0;0;0;12;2;;
110;3,57;1;0;0;16;1;;
111;18,25;1;1;1;16;21;;
112;16,00;0;0;0;14;26;;
113;25,00;0;0;1;18;33;;
114;12,00;1;0;0;12;41;;
115;15,35;1;0;0;12;22;;
116;16,67;1;0;0;12;28;;
117;6,25;0;0;1;12;38;;
118;4,25;1;0;0;12;37;;
119;17,30;0;0;0;16;15;;
120;20,83;0;0;1;12;38;;
121;18,46;0;0;1;16;30;;
122;10,00;0;0;0;10;2;;
123;11,55;0;0;0;12;15;;
124;11,00;1;0;0;14;7;;
125;15,89;1;0;0;16;24;;
126;23,08;0;1;0;16;14;;
127;4,25;1;0;0;5;22;;
128;5,00;0;0;0;7;7;;
129;17,45;1;0;0;12;23;;
130;12,82;1;0;0;16;25;;
131;6,80;0;1;0;12;2;;
132;4,25;1;0;0;10;5;;
133;8,65;1;1;0;12;38;;
134;8,00;1;0;1;12;36;;
135;13,25;1;0;0;14;25;;
136;6,75;0;0;0;12;17;;
137;5,50;1;0;0;1;24;;
138;7,50;0;0;0;12;19;;
139;9,25;1;0;0;16;21;;
140;29,12;0;0;0;16;22;;
141;24,75;0;0;0;16;19;;
142;8,96;1;0;1;12;41;;
143;8,00;0;0;0;12;6;;
144;7,00;1;0;0;12;1;;
145;17,30;1;0;1;16;37;;
146;12,03;0;0;0;12;10;;
147;9,00;0;1;1;16;4;;
148;5,50;0;0;0;12;0;;
149;4,45;1;0;0;11;1;;
150;6,06;1;0;1;12;1;;
151;21,63;0;0;0;16;12;;
152;5,83;0;0;0;12;2;;
153;43,25;0;0;0;18;13;;
154;37,50;0;0;0;12;22;;
155;8,19;0;0;0;12;13;;
156;21,63;0;0;0;16;12;;
157;6,00;1;0;0;12;17;;
158;9,75;1;0;0;16;7;;
159;8,65;1;0;0;16;10;;
160;7,00;1;0;0;12;24;;
161;6,00;0;0;0;7;24;;
162;10,00;1;0;1;12;7;;
163;12,50;1;0;0;12;13;;
164;25,48;1;0;1;18;30;;
165;5,00;1;0;0;12;4;;
166;14,43;1;1;0;16;5;;
167;24,47;1;0;0;16;33;;
168;28,85;0;0;1;20;23;;
169;42,73;0;0;0;20;13;;
170;7,00;0;1;0;16;15;;
171;9,00;1;1;0;16;23;;
172;7,00;0;1;0;12;3;;
173;18,00;0;0;0;12;22;;
174;18,00;0;0;0;12;22;;
175;13,55;1;0;1;16;24;;
176;9,30;1;0;0;12;20;;
177;14,24;0;0;0;16;17;;
178;18,00;1;0;0;18;9;;
179;9,09;1;0;0;12;16;;
180;17,64;1;0;0;12;13;;
181;11,53;1;0;0;16;14;;
182;19,15;0;0;1;14;11;;
183;12,20;1;0;0;12;15;;
184;14,44;0;0;0;12;7;;
185;15,00;1;0;0;16;29;;
186;9,54;1;0;0;12;27;;
187;17,45;0;0;0;12;23;;
188;24,00;1;0;0;14;16;;
189;14,43;0;0;0;18;8;;
190;16,35;0;0;0;16;8;;
191;5,00;1;0;0;12;6;;
192;18,70;1;0;0;16;11;;
193;8,00;0;0;0;12;47;;
194;18,75;0;0;1;12;16;;
195;5,50;1;0;0;12;1;;
196;4,92;1;0;0;12;40;;
197;7,00;1;0;0;16;1;;
198;4,50;0;0;0;12;4;;
199;8,20;1;0;0;12;33;;
200;17,25;0;0;0;12;27;;
201;12,03;1;0;0;12;12;;
202;18,20;1;0;0;12;18;;
203;2,86;1;0;0;12;13;;
204;12,00;0;0;0;7;29;;
205;14,70;1;0;0;14;22;;
206;24,00;0;0;1;12;33;;
207;14,42;1;0;0;14;13;;
208;9,00;1;0;1;12;24;;
209;19,72;0;0;0;16;23;;
210;8,00;1;0;0;18;13;;
211;12,00;0;0;0;12;9;;
212;13,16;1;0;0;12;4;;
213;11,25;0;0;0;12;12;;
214;18,00;0;0;1;12;18;;
215;13,50;0;0;0;16;3;;
216;8,75;0;0;0;12;6;;
217;12,72;0;0;0;16;18;;
218;11,31;1;0;0;14;10;;
219;6,00;1;0;0;12;0;;
220;9,00;0;0;0;12;7;;
221;21,47;0;0;0;16;8;;
222;5,00;0;1;0;12;12;;
223;12,50;1;1;0;12;42;;
224;25,48;1;1;0;20;27;;
225;14,41;0;1;1;12;22;;
226;10,10;0;1;1;16;4;;
227;7,20;0;1;0;12;5;;
228;14,40;1;1;0;12;19;;
229;9,10;1;1;1;12;32;;
230;23,08;0;0;0;20;3;;
231;7,00;1;0;0;16;3;;
232;19,28;0;0;0;12;15;;
233;8,71;1;0;0;12;17;;
234;9,38;1;0;0;12;43;;
235;12,00;0;0;0;9;23;;
236;13,00;0;0;0;12;10;;
237;9,63;0;0;0;12;15;;
238;16,45;1;0;0;16;41;;
239;5,00;1;0;0;12;20;;
240;20,83;1;0;0;14;26;;
241;7,00;0;1;0;12;8;;
242;10,00;0;0;0;12;6;;
243;13,00;0;1;0;12;44;;
244;22,00;0;0;0;12;22;;
245;8,00;0;0;0;14;2;;
246;6,00;0;0;0;12;22;;
247;23,09;1;0;0;20;17;;
248;19,23;1;0;0;16;27;;
249;8,00;0;0;0;14;4;;
250;11,11;0;0;0;12;14;;
251;4,60;1;1;1;5;43;;
252;11,82;0;0;0;14;37;;
253;4,55;0;0;0;12;5;;
254;10,00;0;0;0;12;19;;
255;7,41;1;1;0;10;29;;
256;28,83;0;0;0;16;21;;
257;4,50;1;0;0;11;1;;
258;11,00;0;0;0;12;16;;
259;10,08;1;0;0;12;39;;
260;9,05;1;0;0;12;38;;
261;8,00;1;1;0;12;9;;
262;5,15;1;1;0;12;2;;
263;5,00;0;1;0;12;3;;
264;12,03;1;0;0;12;6;;
265;16,83;1;0;0;16;25;;
266;2,10;1;0;0;18;27;;
267;28,23;0;0;0;20;24;;
268;7,00;0;0;0;9;17;;
269;6,00;1;1;0;12;5;;
270;10,10;1;0;0;18;15;;
271;18,00;1;0;0;14;6;;
272;6,75;1;0;0;12;22;;
273;11,21;1;0;1;12;11;;
274;10,00;0;0;0;12;31;;
275;5,00;1;1;0;11;39;;
276;15,00;1;0;0;12;15;;
277;14,09;0;0;0;12;19;;
278;6,93;1;0;0;12;10;;
279;6,74;1;1;0;12;20;;
280;16,00;0;0;0;14;17;;
281;6,25;1;0;0;11;34;;
282;10,00;0;0;0;14;32;;
283;9,58;1;0;0;12;14;;
284;21,15;1;0;0;18;15;;
285;6,50;0;0;0;9;3;;
286;8,03;1;0;0;7;38;;
287;24,03;0;0;0;14;36;;
288;12,98;0;0;0;16;23;;
289;23,40;0;0;0;20;6;;
290;15,88;1;1;0;12;15;;
291;11,78;0;0;0;12;41;;
292;7,00;1;0;0;12;39;;
293;15,10;0;0;0;16;16;;
294;21,00;1;0;0;14;25;;
295;5,50;1;1;0;16;10;;
296;9,32;0;1;1;12;12;;
297;14,43;1;1;0;12;29;;
298;4,00;0;1;0;1;33;;
299;8,75;0;0;0;9;31;;
300;8,50;0;0;0;9;7;;
301;8,00;0;0;0;7;30;;
302;25,00;0;1;0;20;2;;
303;24,03;0;0;0;18;24;;
304;6,00;1;0;0;14;36;;
305;5,82;0;1;0;12;11;;
306;15,00;0;0;0;12;15;;
307;11,50;1;1;1;16;29;;
308;24,03;0;1;1;14;40;;
309;4,25;1;1;0;12;9;;
310;8,65;1;1;0;10;8;;
311;5,50;0;1;0;12;1;;
312;19,19;0;1;1;12;39;;
313;19,10;1;0;1;18;26;;
314;14,00;0;1;0;12;26;;
315;4,44;0;0;0;16;15;;
316;16,83;1;0;0;18;28;;
317;7,00;1;0;0;12;24;;
318;23,17;0;0;0;12;37;;
319;10,98;0;0;0;12;11;;
320;5,25;0;1;0;12;0;;
321;17,30;0;0;0;14;26;;
322;7,18;1;0;1;12;21;;
323;6,25;0;0;0;16;22;;
324;7,00;1;0;0;12;46;;
325;11,54;1;0;1;12;35;;
326;7,30;1;0;0;12;0;;
327;7,00;1;0;0;16;3;;
328;8,00;0;0;0;12;8;;
329;7,00;0;0;1;12;41;;
330;5,50;1;1;0;12;2;;
331;10,00;1;1;0;12;9;;
332;40,00;0;0;0;18;41;;
333;11,54;1;0;0;16;3;;
334;14,43;1;0;0;12;6;;
335;22,50;0;0;0;18;3;;
336;8,42;1;0;0;12;23;;
337;13,75;0;0;0;12;36;;
338;5,34;1;0;0;12;32;;
339;12,03;0;1;0;12;8;;
340;7,00;1;1;1;12;7;;
341;5,10;0;0;0;5;36;;
342;12,50;1;0;0;18;0;;
343;16,00;1;0;0;16;9;;
344;25,00;0;0;1;12;24;;
345;12,98;0;0;1;12;37;;
346;6,92;1;0;0;1;26;;
347;9,38;1;1;0;18;9;;
348;37,50;0;0;0;16;35;;
349;19,23;0;0;0;20;12;;
350;11,19;1;0;0;16;29;;
351;11,50;1;0;0;12;29;;
352;14,64;1;0;0;14;12;;
353;25,00;0;0;1;14;30;;
354;9,00;0;0;0;11;13;;
355;14,91;1;0;0;12;20;;
356;8,50;0;0;0;14;2;;
357;21,16;0;0;0;16;9;;
358;17,05;1;0;0;18;23;;
359;6,10;1;0;0;12;6;;
360;15,95;0;0;0;16;14;;
361;9,79;0;0;1;12;21;;
362;14,16;1;0;0;16;9;;
363;28,38;0;0;0;14;31;;
364;5,50;0;0;0;1;25;;
365;5,00;0;0;1;12;9;;
366;11,53;1;0;0;12;26;;
367;16,00;0;0;0;16;7;;
368;33,22;0;0;0;18;13;;
369;12,00;0;0;0;12;15;;
370;19,25;1;0;0;12;22;;
371;38,45;1;0;0;12;32;;
372;4,25;1;0;0;12;3;;
373;0,84;1;0;0;10;35;;
374;7,06;1;1;0;12;12;;
375;4,75;1;0;0;12;1;;
376;4,00;0;1;0;12;7;;
377;15,00;1;0;0;11;38;;
378;23,08;0;0;0;16;8;;
379;17,50;1;0;0;18;38;;
380;13,75;1;0;0;12;14;;
381;5,00;1;0;0;12;17;;
382;8,00;0;0;0;11;5;;
383;10,00;1;0;0;12;9;;
384;21,02;0;0;0;16;9;;
385;6,04;1;0;0;12;21;;
386;7,00;1;0;0;12;8;;
387;4,25;0;1;0;12;3;;
388;11,00;1;0;1;12;23;;
389;4,50;0;0;0;9;23;;
390;18,00;0;0;1;12;28;;
391;9,00;0;0;0;12;6;;
392;12,00;1;0;0;14;16;;
393;17,86;0;0;1;16;22;;
394;26,92;0;0;0;16;31;;
395;16,25;1;0;0;16;13;;
396;8,75;0;0;0;12;17;;
397;14,48;1;0;0;18;12;;
398;24,05;0;0;1;14;26;;
399;3,85;0;0;0;12;18;;
400;27,88;0;0;0;16;27;;
401;5,00;1;0;0;12;43;;
402;16,50;0;0;0;16;12;;
403;7,21;1;0;0;12;33;;
404;13,45;1;0;0;12;38;;
405;10,05;0;0;0;11;22;;
406;4,25;1;0;0;12;5;;
407;6,75;1;0;0;12;22;;
408;15,00;0;0;1;20;16;;
409;7,50;1;0;0;18;19;;
410;8,50;0;0;0;14;6;;
411;7,21;1;0;0;12;20;;
412;9,02;0;0;0;12;25;;
413;5,00;1;0;0;12;9;;
414;5,35;1;0;0;14;8;;
415;6,00;0;0;0;12;4;;
416;9,00;1;0;0;12;29;;
417;2,30;1;0;0;12;5;;
418;5,00;1;0;0;12;3;;
419;11,35;1;0;0;7;35;;
420;5,00;0;0;0;12;2;;
421;8,00;0;0;0;12;5;;
422;7,99;0;0;0;12;20;;
423;14,00;1;0;1;12;24;;
424;10,58;1;0;0;14;3;;
425;15,38;0;0;0;11;24;;
426;15,00;0;0;0;16;8;;
427;13,00;1;0;0;14;32;;
428;4,44;0;1;0;12;6;;
429;15,43;1;1;0;12;31;;
430;9,00;0;0;0;12;4;;
431;14,18;1;0;0;12;39;;
432;14,96;0;0;0;16;9;;
433;30,78;0;0;0;20;27;;
434;17,00;0;0;0;12;24;;
435;8,50;1;0;0;14;13;;
436;6,75;1;0;0;16;6;;
437;12,50;0;0;0;12;10;;
438;22,30;0;0;0;16;20;;
439;5,00;0;0;0;16;21;;
440;4,90;0;0;0;12;3;;
441;13,75;0;0;1;12;40;;
442;8,60;1;1;0;12;17;;
443;6,52;0;0;0;12;46;;
444;4,80;1;0;0;12;15;;
445;16,00;0;0;1;12;28;;
446;5,00;0;0;0;11;1;;
447;5,75;0;0;0;12;3;;
448;7,00;1;1;0;12;25;;
449;8,85;1;1;0;12;15;;
450;18,87;0;0;0;14;14;;
451;30,75;0;0;0;18;27;;
452;5,30;1;0;0;12;15;;
453;28,83;1;0;0;14;20;;
454;4,33;1;0;0;11;26;;
455;6,04;0;0;0;12;34;;
456;18,69;0;0;1;16;9;;
457;13,50;1;0;0;12;36;;
458;17,89;1;0;1;12;24;;
459;13,75;1;0;0;16;9;;
460;7,20;1;0;0;12;11;;
461;7,00;1;0;0;12;1;;
462;5,00;1;0;0;12;10;;
463;17,00;1;0;0;12;38;;
464;10,00;0;0;1;12;9;;
465;28,85;0;1;0;12;20;;
466;13,50;1;0;0;16;2;;
467;7,00;1;0;0;16;11;;
468;13,44;1;1;1;12;16;;
469;6,00;1;1;0;12;4;;
470;9,00;0;0;1;12;0;;
471;10,10;0;1;0;12;11;;
472;16,83;0;1;0;12;27;;
473;20,20;1;0;0;12;15;;
474;8,00;1;0;0;12;41;;
475;12,13;1;0;0;12;23;;
476;3,00;1;0;0;16;2;;
477;4,35;1;0;0;12;18;;
478;15,06;1;0;1;16;28;;
479;5,25;1;0;0;16;5;;
480;21,15;1;0;0;12;17;;
481;16,83;0;0;0;12;40;;
482;8,75;1;0;0;9;48;;
483;9,47;1;0;0;12;24;;
484;9,05;1;0;0;12;27;;
485;11,53;0;0;0;12;14;;
486;13,00;1;0;0;12;38;;
487;5,00;1;0;0;16;6;;
488;11,00;0;0;0;12;29;;
489;10,67;1;0;0;12;21;;
490;9,50;0;0;0;12;6;;
491;17,78;0;0;0;12;18;;
492;26,93;1;0;0;16;13;;
493;10,00;1;0;0;12;41;;
494;28,35;0;0;0;16;34;;
495;8,00;0;0;0;7;30;;
496;20,68;1;0;1;18;20;;
497;21,63;1;0;0;16;11;;
498;16,30;0;0;1;12;21;;
499;19,94;1;0;0;18;34;;
500;11,25;1;0;1;11;40;;
501;11,73;0;0;0;16;22;;
502;12,00;1;0;0;14;20;;
503;18,16;1;0;1;14;32;;
504;7,15;0;0;0;12;1;;
505;38,45;1;0;0;18;18;;
506;25,43;1;0;0;18;17;;
507;18,46;1;0;0;18;27;;
508;36,05;0;1;0;18;9;;
509;7,88;1;0;0;20;15;;
510;6,00;1;0;1;12;5;;
511;38,46;0;0;0;16;31;;
512;25,89;1;0;0;16;12;;
513;48,08;0;0;0;16;38;;
514;9,50;0;0;0;12;18;;
515;16,60;1;0;0;16;16;;
516;6,50;1;0;0;11;21;;
517;8,00;1;0;0;12;6;;
518;18,75;1;0;0;12;30;;
519;6,50;1;0;0;10;42;;
520;12,50;1;0;0;16;19;;
521;17,00;0;0;1;14;27;;
522;5,35;1;0;0;12;13;;
523;39,00;0;0;0;16;25;;
524;12,50;0;0;1;12;26;;
525;10,84;1;0;0;12;38;;
526;9,00;1;0;0;12;31;;
527;8,00;0;0;0;12;6;;
528;8,50;1;0;0;16;7;;
529;5,75;1;1;0;16;12;;
530;9,00;1;0;0;12;26;;
531;8,00;0;0;0;9;22;;
532;17,30;0;0;1;18;22;;
533;5,00;1;0;0;12;14;;
534;5,00;0;0;0;12;35;;
535;21,90;0;0;1;14;17;;
536;10,05;1;0;1;12;23;;
537;17,75;0;0;0;12;21;;
538;4,60;1;0;0;12;3;;
539;4,25;1;0;0;12;6;;
540;9,34;0;0;1;12;29;;
541;8,56;1;0;0;12;12;;
542;25,00;0;0;0;12;6;;
543;7,00;1;0;0;12;28;;
544;23,95;0;0;1;16;40;;
545;4,65;0;0;0;12;35;;
546;7,15;0;0;0;14;4;;
547;9,89;1;0;0;12;35;;
548;18,65;1;0;1;18;15;;
549;11,63;0;0;0;12;23;;
550;6,60;0;0;0;14;10;;
551;10,80;1;0;0;12;16;;
552;22,64;0;0;0;20;14;;
553;6,75;1;0;0;12;34;;
554;8,00;0;1;0;12;4;;
555;9,61;1;0;0;12;12;;
556;4,25;1;0;0;12;12;;
557;8,78;1;0;1;12;18;;
558;5,58;1;0;0;10;10;;
559;7,10;1;0;0;12;40;;
560;7,00;1;0;1;14;13;;
561;9,00;1;0;0;18;14;;
562;5,00;0;0;0;11;1;;
563;18,00;0;0;0;12;34;;
564;18,00;0;0;1;12;23;;
565;16,83;1;0;0;12;18;;
566;25,64;0;0;0;16;29;;
567;9,25;1;0;0;12;39;;
568;19,42;0;0;0;16;30;;
569;12,72;0;0;0;16;14;;
570;18,44;0;0;1;12;21;;
571;4,86;0;0;1;7;52;;
572;12,00;0;0;0;12;24;;
573;38,46;0;0;0;16;23;;
574;8,43;0;1;1;12;22;;
575;7,00;1;1;1;7;21;;
576;14,10;0;1;1;16;11;;
577;11,00;0;0;0;16;24;;
578;26,60;0;0;0;12;38;;
579;13,00;1;1;0;12;16;;
580;15,00;0;0;0;12;32;;
581;5,00;1;1;0;12;7;;
582;7,50;0;1;1;16;25;;
583;19,00;1;1;0;12;30;;
584;7,00;1;0;0;12;13;;
585;16,35;0;0;0;18;10;;
586;9,68;1;0;0;12;17;;
587;9,50;1;0;0;12;43;;
588;35,38;0;0;0;16;16;;
589;13,64;0;0;0;12;17;;
590;16,83;0;1;0;12;38;;
591;6,19;0;0;0;12;22;;
592;27,47;0;0;0;16;25;;
593;13,10;1;0;1;12;34;;
594;10,30;1;0;0;12;14;;
595;8,00;0;0;0;12;4;;
596;7,78;0;0;0;12;21;;
597;5,00;1;0;0;16;1;;
598;30,58;0;0;0;16;21;;
599;10,00;0;0;1;12;32;;
600;16,35;1;0;0;20;13;;
601;9,50;0;0;0;12;12;;
602;12,12;1;0;0;12;40;;
603;17,27;1;0;0;16;19;;
604;12,00;1;0;1;14;8;;
605;5,00;1;1;0;12;19;;
606;25,48;0;0;0;12;16;;
607;5,50;1;1;0;12;13;;
608;32,93;0;1;0;20;13;;
609;6,40;1;1;0;12;6;;
610;20,20;0;0;0;12;16;;
611;14,00;0;0;0;11;29;;
612;6,00;1;0;0;12;6;;
613;9,63;1;0;0;12;16;;
614;9,61;0;0;0;20;9;;
615;8,90;0;1;0;14;9;;
616;16,67;0;0;0;12;3;;
617;11,00;0;0;0;12;3;;
618;7,70;1;1;0;12;6;;
619;14,43;0;0;0;12;20;;
620;24,87;1;0;0;16;28;;
621;19,00;1;1;0;14;18;;
622;4,50;1;1;0;12;16;;
623;6,00;0;1;0;12;47;;
624;21,08;0;0;0;16;14;;
625;9,58;1;1;0;14;13;;
626;12,00;0;0;0;12;30;;
627;7,07;1;1;1;12;12;;
628;7,00;1;0;0;12;16;;
629;10,58;1;0;0;16;0;;
630;8,57;1;0;0;12;27;;
631;7,18;1;0;0;12;10;;
632;9,61;1;0;0;12;13;;
633;12,50;1;0;0;16;8;;
634;6,25;1;1;0;12;16;;
635;6,00;0;0;0;12;45;;
636;10,00;1;0;0;12;4;;
637;24,03;0;1;0;20;32;;
638;38,46;0;0;0;16;18;;
639;5,50;0;0;0;16;8;;
640;14,43;0;0;0;18;17;;
641;10,00;0;0;0;11;26;;
642;18,00;0;0;0;16;21;;
643;6,15;1;0;0;12;3;;
644;23,75;0;0;1;18;28;;
645;9,25;0;0;0;12;28;;
646;8,08;0;0;0;12;29;;
647;5,00;1;0;0;12;29;;
648;12,40;0;0;0;12;18;;
649;5,00;1;0;0;12;24;;
650;6,92;0;0;0;12;26;;
651;7,84;1;0;0;12;33;;
652;6,88;1;0;0;12;16;;
653;6,35;1;0;0;12;15;;
654;8,25;1;0;0;12;17;;
655;12,80;0;0;0;14;27;;
656;19,24;1;0;0;12;25;;
657;15,00;1;0;0;14;14;;
658;7,00;1;0;0;16;8;;
659;6,00;0;0;0;12;5;;
660;7,30;1;0;0;16;17;;
661;5,00;1;0;0;12;3;;
662;20,85;1;0;0;16;19;;
663;12,25;1;0;0;16;0;;
664;6,73;1;0;0;12;9;;
665;11,54;0;0;0;18;32;;
666;5,00;1;0;0;12;31;;
667;20,20;0;0;0;12;31;;
668;18,75;0;0;1;12;34;;
669;4,90;0;0;0;16;1;;
670;9,62;0;0;0;12;10;;
671;8,65;0;0;0;14;24;;
672;9,18;1;0;0;14;7;;
673;5,00;0;0;0;12;6;;
674;7,50;0;0;0;12;41;;
675;20,20;0;1;0;16;37;;
676;4,66;1;0;0;12;6;;
677;4,25;0;0;0;11;19;;
678;9,24;1;0;1;16;2;;
679;13,46;0;1;0;12;15;;
680;13,64;0;0;0;14;21;;
681;7,50;0;1;0;7;14;;
682;7,25;0;1;0;16;30;;
683;9,23;1;1;0;12;10;;
684;14,40;0;0;1;12;32;;
685;13,00;1;0;0;12;9;;
686;15,58;0;0;1;12;35;;
687;5,78;1;0;0;12;30;;
688;15,56;0;0;0;12;21;;
689;13,89;1;0;0;12;18;;
690;18,45;0;0;0;12;35;;
691;6,00;0;0;0;12;5;;
692;5,00;1;0;0;12;23;;
693;7,14;1;0;0;12;5;;
694;7,08;0;0;0;12;21;;
695;5,00;0;0;0;12;13;;
696;13,46;1;0;1;18;24;;
697;33,00;0;0;0;12;47;;
698;12,91;0;0;1;11;21;;
699;4,50;1;0;0;14;13;;
700;5,00;1;0;1;12;17;;
701;13,00;0;0;1;12;13;;
702;10,00;1;0;0;10;23;;
703;34,96;1;0;0;20;6;;
704;12,66;1;1;1;14;6;;
705;17,30;0;1;0;18;4;;
706;18,29;1;0;1;12;30;;
707;48,08;0;0;0;16;2;;
708;19,24;0;0;0;16;28;;
709;12,00;0;0;0;12;25;;
710;22,73;1;0;1;16;42;;
711;12,00;0;0;0;12;20;;
712;17,78;1;0;0;14;24;;
713;8,89;1;0;0;12;37;;
714;15,00;0;0;1;12;35;;
715;13,00;1;0;1;11;33;;
716;64,08;1;0;0;16;12;;
717;14,00;0;0;0;12;23;;
718;12,00;0;0;0;14;9;;
719;7,00;0;1;0;5;22;;
720;27,70;0;0;0;16;15;;
721;9,00;0;0;0;12;11;;
722;11,00;0;0;0;12;27;;
723;1,57;0;1;0;16;6;;
724;6,05;1;1;0;12;4;;
725;15,00;1;0;0;12;27;;
726;19,25;0;0;1;12;22;;
727;10,42;0;0;0;16;19;;
728;10,30;0;0;0;12;32;;
729;13,84;0;0;0;16;11;;
730;12,00;1;0;1;12;17;;
731;8,65;0;0;0;12;13;;
732;30,24;1;0;1;18;22;;
733;11,50;1;0;0;12;22;;
734;11,54;0;0;0;12;14;;
735;20,20;0;0;0;16;6;;
736;50,00;1;0;0;16;7;;
737;13,00;0;0;1;12;42;;
738;4,25;1;0;0;12;25;;
739;7,70;0;0;1;12;45;;
740;15,94;1;0;0;12;16;;
741;25,82;0;0;1;12;33;;
742;14,00;1;0;0;12;33;;
743;12,50;1;0;1;14;30;;
744;25,29;1;0;0;12;44;;
745;8,65;0;0;0;12;14;;
746;14,00;0;0;1;12;8;;
747;12,00;0;0;0;12;28;;
748;14,43;0;0;1;16;22;;
749;29,91;0;0;0;18;22;;
750;10,25;0;0;0;16;11;;
751;18,84;0;0;0;18;27;;
752;12,00;1;0;0;12;43;;
753;25,00;0;0;1;12;43;;
754;6,65;1;0;0;14;17;;
755;18,00;0;1;1;12;47;;
756;5,00;0;1;0;16;26;;
757;6,50;1;0;0;12;28;;
758;23,08;0;0;0;18;15;;
759;10,50;0;0;0;12;7;;
760;10,00;0;0;1;12;6;;
761;8,75;0;1;0;12;4;;
762;15,47;1;1;0;14;21;;
763;42,55;0;0;0;20;27;;
764;6,00;1;1;0;12;3;;
765;6,25;1;0;0;12;12;;
766;4,00;1;0;0;10;6;;
767;16,83;0;0;0;12;42;;
768;7,00;0;0;0;12;6;;
769;5,44;0;0;0;20;36;;
770;5,00;1;0;0;11;1;;
771;11,00;0;0;0;14;25;;
772;6,88;0;1;0;12;13;;
773;11,00;0;1;1;12;10;;
774;19,24;0;0;0;18;9;;
775;10,10;0;0;0;12;30;;
776;9,53;0;0;0;12;13;;
777;9,35;0;0;1;12;17;;
778;7,00;0;1;0;12;18;;
779;31,86;0;0;0;12;31;;
780;12,50;1;0;1;12;34;;
781;28,85;1;0;0;16;10;;
782;8,00;1;0;0;12;9;;
783;12,18;0;0;1;16;9;;
784;5,00;0;0;0;11;14;;
785;7,25;1;0;0;12;20;;
786;18,00;1;0;0;16;17;;
787;8,00;0;0;1;12;12;;
788;8,00;0;0;1;12;10;;
789;16,00;1;0;0;16;12;;
790;8,65;0;0;0;12;22;;
791;14,49;0;0;1;12;33;;
792;3,75;1;0;0;12;31;;
793;7,50;0;0;0;16;4;;
794;9,00;1;0;0;12;0;;
795;3,50;0;1;0;12;4;;
796;27,50;0;1;1;12;30;;
797;20,00;0;0;0;12;11;;
798;12,00;1;1;1;12;24;;
799;3,75;1;1;1;0;56;;
800;45,00;1;0;0;18;16;;
801;6,00;1;0;0;9;13;;
802;21,15;1;0;0;20;3;;
803;16,83;0;1;0;16;14;;
804;8,05;0;0;0;14;24;;
805;22,22;0;0;0;16;15;;
806;3,08;0;1;0;12;11;;
807;42,73;0;0;0;18;16;;
808;35,00;1;0;1;12;19;;
809;49,46;0;0;0;16;23;;
810;17,30;0;0;0;12;32;;
811;15,85;1;0;0;12;30;;
812;11,22;1;0;0;18;21;;
813;17,28;1;0;1;16;43;;
814;5,00;1;0;0;12;15;;
815;11,25;1;0;0;12;9;;
816;13,00;0;1;1;5;34;;
817;26,92;0;0;0;18;11;;
818;6,25;1;1;0;12;13;;
819;48,08;1;0;0;16;20;;
820;19,22;0;0;0;16;14;;
821;13,75;1;0;0;14;8;;
822;9,26;0;0;0;16;26;;
823;6,50;1;0;0;14;7;;
824;6,60;1;0;0;16;0;;
825;14,29;1;0;0;14;30;;
826;15,71;1;0;0;16;13;;
827;23,55;0;0;0;18;26;;
828;16,03;0;0;0;12;12;;
829;18,00;0;1;1;12;30;;
830;12,14;0;1;1;12;23;;
831;12,00;0;1;0;18;6;;
832;17,76;1;0;0;12;38;;
833;18,00;0;0;1;12;23;;
834;11,00;0;0;0;12;17;;
835;12,00;0;0;1;12;30;;
836;9,22;0;0;0;12;30;;
837;4,25;1;0;0;12;21;;
838;17,96;1;0;0;16;7;;
839;6,00;1;0;1;12;0;;
840;11,25;0;0;1;12;15;;
841;12,73;1;0;1;18;17;;
842;8,00;0;0;1;12;20;;
843;4,75;1;0;0;10;3;;
844;7,35;1;0;0;12;18;;
845;27,70;1;0;0;12;33;;
846;19,23;0;0;0;18;27;;
847;9,05;1;0;0;12;27;;
848;19,23;0;0;0;12;14;;
849;8,84;0;0;0;16;0;;
850;17,30;0;0;0;18;20;;
851;13,45;1;0;1;16;23;;
852;8,50;0;0;0;12;25;;
853;12,66;1;0;0;16;20;;
854;18,60;1;0;0;16;4;;
855;11,22;0;0;0;14;26;;
856;10,35;0;0;0;12;4;;
857;14,44;0;0;0;12;43;;
858;6,66;1;0;0;12;40;;
859;13,65;0;0;0;7;35;;
860;4,35;1;1;0;12;23;;
861;14,43;0;0;0;12;30;;
862;6,25;1;0;0;12;44;;
863;16,20;1;0;0;16;21;;
864;7,50;1;1;0;12;16;;
865;5,00;0;1;0;12;7;;
866;6,00;1;0;0;12;19;;
867;38,46;0;0;0;18;21;;
868;34,96;0;0;0;18;24;;
869;10,78;0;0;0;12;30;;
870;16,83;0;0;0;12;43;;
871;32,05;0;0;0;20;23;;
872;5,00;1;0;0;10;42;;
873;12,03;0;0;1;10;34;;
874;9,32;0;0;0;12;11;;
875;8,00;0;0;0;12;9;;
876;5,50;1;0;0;12;33;;
877;6,00;1;0;0;12;13;;
878;7,00;0;0;0;7;17;;
879;33,33;0;0;0;16;7;;
880;5,00;1;0;0;12;10;;
881;8,31;1;0;0;12;10;;
882;15,00;1;0;0;14;7;;
883;22,13;0;0;0;16;28;;
884;17,86;1;0;1;18;20;;
885;32,05;0;0;1;16;12;;
886;23,50;0;0;0;16;10;;
887;30,62;0;0;0;18;15;;
888;16,00;1;0;0;12;29;;
889;3,85;1;0;0;14;3;;
890;6,24;1;1;0;12;26;;
891;6,88;0;0;0;7;39;;
892;6,67;0;0;0;10;37;;
893;7,50;1;0;0;12;34;;
894;9,70;0;0;0;9;30;;
895;6,52;0;0;0;9;34;;
896;9,60;1;0;0;16;25;;
897;11,00;1;0;0;16;11;;
898;11,05;1;0;0;16;2;;
899;6,50;1;1;0;9;21;;
900;5,75;0;0;0;16;13;;
901;5,40;1;0;0;12;2;;
902;6,78;1;0;0;12;2;;
903;16,00;1;0;0;12;44;;
904;10,16;0;0;0;12;25;;
905;1,50;1;0;0;14;17;;
906;9,33;0;0;0;16;4;;
907;13,52;1;0;1;12;27;;
908;4,25;0;0;0;12;4;;
909;15,00;0;0;1;12;29;;
910;18,13;0;0;1;14;22;;
911;6,25;0;0;0;12;22;;
912;5,80;0;0;0;12;3;;
913;4,25;1;0;0;12;1;;
914;6,35;1;0;0;12;44;;
915;14,43;1;0;1;18;21;;
916;11,00;0;0;0;0;51;;
917;12,03;1;1;1;16;41;;
918;9,00;1;1;0;12;15;;
919;6,50;1;0;0;16;4;;
920;9,79;1;0;0;16;8;;
921;6,15;0;0;0;12;21;;
922;12,22;0;0;1;16;9;;
923;6,20;1;0;0;12;26;;
924;22,16;0;0;0;12;40;;
925;12,88;0;0;1;12;24;;
926;12,20;0;0;0;12;26;;
927;28,84;0;0;0;18;15;;
928;6,00;1;0;0;12;4;;
929;13,00;1;0;0;14;31;;
930;5,00;1;1;0;10;26;;
931;9,52;1;0;0;12;44;;
932;7,00;1;0;0;12;13;;
933;9,50;0;0;0;12;20;;
934;2,00;0;0;0;11;1;;
935;15,82;0;0;0;12;9;;
936;30,00;1;0;0;20;17;;
937;9,62;1;0;0;14;5;;
938;14,84;1;0;0;12;44;;
939;11,50;0;0;0;16;4;;
940;31,25;0;0;0;16;39;;
941;33,56;0;0;0;18;17;;
942;5,00;1;0;0;16;22;;
943;29,58;0;0;0;16;31;;
944;9,13;1;0;0;12;33;;
945;8,89;0;0;0;16;16;;
946;5,25;0;0;0;12;5;;
947;11,00;1;0;1;12;18;;
948;15,35;0;0;0;12;23;;
949;10,85;1;0;0;18;18;;
950;11,32;0;0;0;12;13;;
951;6,65;1;0;0;12;23;;
952;5,00;1;0;0;12;1;;
953;10,21;1;0;1;12;12;;
954;5,51;1;0;0;12;22;;
955;10,00;0;0;0;16;37;;
956;20,00;0;0;0;12;20;;
957;1,15;0;0;0;12;43;;
958;14,43;0;0;0;12;16;;
959;9,30;1;0;0;12;24;;
960;8,00;0;0;0;12;6;;
961;7,96;1;0;0;12;30;;
962;11,00;0;0;1;12;19;;
963;5,00;0;0;0;12;29;;
964;33,65;0;0;0;16;27;;
965;5,50;1;0;0;12;13;;
966;14,86;0;0;0;12;17;;
967;4,50;1;0;0;11;1;;
968;12,30;0;0;1;16;18;;
969;42,73;0;0;0;16;24;;
970;18,66;1;0;1;12;31;;
971;11,00;1;0;0;12;26;;
972;10,00;1;0;0;16;2;;
973;7,00;0;0;1;12;34;;
974;11,72;0;0;0;12;32;;
975;5,00;1;0;0;12;3;;
976;18,25;0;0;0;12;25;;
977;5,50;0;0;0;12;35;;
978;6,00;1;0;0;12;14;;
979;5,45;1;0;0;12;18;;
980;5,83;1;0;0;12;46;;
981;14,43;0;0;0;12;27;;
982;6,73;1;0;0;12;12;;
983;12,57;0;1;1;12;28;;
984;5,00;0;0;0;12;6;;
985;8,40;0;1;0;14;30;;
986;4,70;1;0;0;11;1;;
987;10,25;1;0;0;12;11;;
988;12,41;0;0;1;12;8;;
989;5,45;1;0;0;12;39;;
990;48,07;0;0;0;20;37;;
991;19,00;1;0;1;14;14;;
992;8,87;0;0;0;14;25;;
993;7,50;0;0;0;12;10;;
994;10,33;1;0;0;12;42;;
995;10,00;0;0;0;18;20;;
996;10,13;1;0;0;16;2;;
997;14,63;0;0;0;16;30;;
998;11,68;1;0;0;12;19;;
999;12,50;0;0;0;14;9;;
1000;6,92;1;0;0;11;28;;
1001;13,00;0;0;0;16;5;;
1002;11,77;0;0;1;12;36;;
1003;6,50;1;1;0;12;7;;
1004;17,75;0;0;0;18;9;;
1005;9,00;1;0;0;14;10;;
1006;13,00;1;0;0;12;33;;
1007;13,45;0;0;0;16;12;;
1008;11,00;1;0;0;12;21;;
1009;7,55;0;0;0;16;9;;
1010;7,00;1;0;0;12;27;;
1011;20,20;0;0;0;16;29;;
1012;16,35;0;0;1;12;34;;
1013;13,46;0;0;0;12;19;;
1014;12,50;0;0;0;12;29;;
1015;9,50;0;0;0;12;14;;
1016;20,18;0;0;0;18;17;;
1017;5,00;1;1;0;12;6;;
1018;5,25;1;0;0;12;6;;
1019;15,00;0;0;0;11;8;;
1020;4,25;0;0;0;16;16;;
1021;7,50;0;0;0;10;6;;
1022;15,00;0;0;0;12;34;;
1023;7,25;0;0;0;12;4;;
1024;18,00;0;0;1;12;6;;
1025;23,08;0;0;0;12;16;;
1026;9,98;0;0;0;12;16;;
1027;6,00;1;0;0;16;1;;
1028;6,35;1;0;0;12;21;;
1029;6,15;0;0;0;12;5;;
1030;13,00;0;0;1;12;21;;
1031;9,63;1;0;0;12;7;;
1032;14,40;1;0;0;12;18;;
1033;6,25;1;0;0;16;19;;
1034;10,93;1;0;0;12;17;;
1035;14,44;0;0;0;14;19;;
1036;6,00;0;0;0;12;5;;
1037;4,75;0;0;0;11;1;;
1038;22,76;0;0;0;16;14;;
1039;14,40;1;0;1;18;4;;
1040;5,75;1;1;0;16;18;;
1041;25,40;1;0;0;18;18;;
1042;15,75;1;0;0;12;9;;
1043;11,00;0;0;0;12;29;;
1044;6,00;1;0;1;12;3;;
1045;7,50;1;1;0;12;14;;
1046;13,70;0;1;0;14;27;;
1047;7,50;0;1;0;11;2;;
1048;7,20;1;1;0;12;16;;
1049;9,00;0;1;0;12;3;;
1050;17,00;0;0;1;12;38;;
1051;4,75;0;0;0;12;42;;
1052;5,60;0;0;0;12;7;;
1053;9,56;1;0;0;12;34;;
1054;12,20;0;0;1;12;21;;
1055;12,50;0;0;0;20;8;;
1056;27,20;0;0;1;16;23;;
1057;29,97;0;0;1;18;22;;
1058;9,00;0;0;0;18;36;;
1059;7,74;0;0;0;12;14;;
1060;22,22;1;0;1;20;4;;
1061;13,65;0;0;0;12;17;;
1062;4,85;1;0;0;12;2;;
1063;12,98;1;0;0;16;26;;
1064;5,00;1;0;0;12;38;;
1065;16,00;0;0;0;12;22;;
1066;11,25;1;0;0;16;4;;
1067;6,50;0;1;0;9;11;;
1068;6,20;1;0;0;12;1;;
1069;5,00;1;0;0;12;23;;
1070;6,94;1;0;0;11;22;;
1071;50,00;1;0;0;10;36;;
1072;10,84;0;0;0;12;11;;
1073;34,96;0;0;0;20;20;;
1074;5,90;1;1;0;12;13;;
1075;4,40;1;1;0;10;17;;
1076;6,00;0;0;0;12;22;;
1077;13,00;0;0;0;10;29;;
1078;5,70;1;0;0;11;1;;
1079;8,65;0;0;0;16;13;;
1080;7,45;1;0;0;12;30;;
1081;14,07;0;0;0;12;23;;
1082;6,00;0;0;0;14;3;;
1083;9,93;0;1;1;12;13;;
1084;12,20;1;1;0;16;33;;
1085;7,08;1;0;0;14;20;;
1086;8,98;1;0;0;12;16;;
1087;13,45;0;0;0;16;4;;
1088;5,75;1;0;0;12;5;;
1089;5,05;0;0;0;16;17;;
1090;13,20;1;0;0;16;15;;
1091;31,25;0;0;0;14;20;;
1092;5,75;0;0;0;11;5;;
1093;6,50;1;0;0;16;1;;
1094;6,25;1;1;1;14;17;;
1095;18,75;0;1;1;12;26;;
1096;5,30;1;1;0;12;20;;
1097;2,08;1;1;0;12;9;;
1098;9,00;0;1;0;12;5;;
1099;11,75;0;0;0;16;10;;
1100;8,08;1;0;1;12;24;;
1101;9,00;0;0;0;12;18;;
1102;10,00;0;0;0;16;26;;
1103;7,70;0;0;0;12;6;;
1104;9,00;1;1;0;12;30;;
1105;8,00;0;1;1;12;6;;
1106;18,00;0;0;1;12;17;;
1107;11,25;0;1;1;12;9;;
1108;7,50;0;0;0;12;8;;
1109;7,00;1;1;0;10;37;;
1110;7,97;1;1;0;12;15;;
1111;8,69;1;0;0;12;21;;
1112;12,38;1;0;0;14;13;;
1113;18,97;0;0;0;12;14;;
1114;4,25;1;0;0;12;5;;
1115;11,00;1;0;0;14;27;;
1116;4,35;0;1;0;12;4;;
1117;5,50;1;0;0;12;37;;
1118;2,78;1;0;0;0;40;;
1119;11,00;0;0;0;14;28;;
1120;10,70;1;0;0;12;12;;
1121;14,17;0;0;0;14;31;;
1122;4,75;1;0;0;0;39;;
1123;24,03;0;0;0;20;7;;
1124;8,00;1;0;0;14;3;;
1125;9,82;1;0;0;18;26;;
1126;3,84;1;0;0;16;27;;
1127;3,84;1;0;0;16;12;;
1128;6,91;0;0;0;12;24;;
1129;5,00;0;1;0;9;3;;
1130;15,00;0;0;0;12;24;;
1131;5,75;1;0;0;12;22;;
1132;13,80;1;0;0;12;8;;
1133;16,00;1;0;0;12;22;;
1134;11,25;0;1;0;16;4;;
1135;19,00;0;0;0;12;21;;
1136;9,50;1;0;0;12;17;;
1137;5,75;1;0;0;12;22;;
1138;9,50;1;0;1;12;10;;
1139;14,00;0;0;0;12;19;;
1140;19,23;0;0;0;7;32;;
1141;17,50;1;0;0;12;5;;
1142;10,00;1;0;0;12;13;;
1143;5,50;1;0;0;12;23;;
1144;7,00;1;1;0;12;4;;
1145;8,00;0;0;0;12;5;;
1146;7,00;1;0;0;16;11;;
1147;8,00;0;0;0;12;3;;
1148;4,25;1;1;0;12;23;;
1149;13,75;0;0;0;16;17;;
1150;11,00;0;1;0;12;15;;
1151;4,50;1;1;0;12;27;;
1152;7,50;0;0;0;12;16;;
1153;31,47;0;0;0;12;20;;
1154;8,00;1;0;0;12;30;;
1155;38,75;1;0;0;16;7;;
1156;9,25;0;0;0;12;21;;
1157;14,00;0;0;0;10;23;;
1158;8,00;0;0;0;12;13;;
1159;11,05;1;0;0;14;31;;
1160;7,00;1;0;0;12;25;;
1161;4,50;1;0;0;12;3;;
1162;6,40;1;0;0;16;1;;
1163;14,50;0;0;0;12;17;;
1164;5,00;1;0;0;12;16;;
1165;7,25;1;0;0;12;2;;
1166;10,00;1;0;1;12;19;;
1167;2,12;1;0;0;10;25;;
1168;6,90;1;0;0;12;19;;
1169;13,50;1;0;0;20;3;;
1170;2,90;1;0;1;12;23;;
1171;7,65;1;0;0;12;13;;
1172;15,00;1;0;0;18;35;;
1173;20,00;0;0;0;16;4;;
1174;7,70;1;0;0;12;21;;
1175;11,00;0;0;0;12;15;;
1176;7,00;1;0;0;12;16;;
1177;9,00;0;0;1;12;12;;
1178;7,69;0;0;0;12;12;;
1179;13,00;1;0;0;14;12;;
1180;8,44;1;0;0;12;32;;
1181;16,16;1;0;1;16;17;;
1182;12,00;1;0;0;18;3;;
1183;8,15;1;1;0;12;39;;
1184;6,97;1;0;1;9;32;;
1185;15,84;1;0;0;16;8;;
1186;11,50;0;0;0;12;16;;
1187;16,00;1;1;0;16;14;;
1188;14,50;1;1;1;16;23;;
1189;7,50;0;1;0;14;11;;
1190;8,52;1;0;0;10;16;;
1191;16,83;0;0;0;18;7;;
1192;7,95;1;0;0;11;33;;
1193;6,43;1;0;0;12;35;;
1194;6,00;1;1;0;12;35;;
1195;6,00;1;1;0;16;5;;
1196;9,11;1;0;0;12;3;;
1197;5,75;1;0;0;12;11;;
1198;17,33;1;0;0;12;26;;
1199;4,00;1;0;0;12;35;;
1200;11,00;0;0;0;12;35;;
1201;8,00;0;1;0;12;24;;
1202;6,00;1;0;0;16;2;;
1203;9,24;0;0;0;16;21;;
1204;8,10;0;0;0;12;13;;
1205;6,00;1;1;0;12;3;;
1206;9,00;1;1;0;12;9;;
1207;6,00;1;1;0;12;3;;
1208;9,00;1;1;1;12;19;;
1209;13,00;0;0;0;11;19;;
1210;4,50;1;1;0;12;21;;
1211;12,50;1;0;0;18;6;;
1212;8,33;0;0;0;18;30;;
1213;10,10;1;0;0;14;13;;
1214;11,00;0;0;0;12;6;;
1215;9,61;0;0;0;16;31;;
1216;5,00;1;0;0;12;10;;
1217;5,75;1;0;0;10;2;;
1218;4,33;0;0;0;18;7;;
1219;18,00;0;1;1;16;17;;
1220;10,00;0;0;1;12;24;;
1221;19,23;0;0;0;16;34;;
1222;18,00;1;1;1;16;9;;
1223;19,25;1;1;0;12;15;;
1224;17,50;0;0;1;12;16;;
1225;5,00;0;0;0;12;1;;
1226;18,28;1;0;0;16;9;;
1227;5,10;1;0;0;12;34;;
1228;8,00;1;0;0;16;1;;
1229;15,32;0;0;0;12;24;;
1230;5,25;1;0;0;12;9;;
1231;11,33;0;0;1;12;17;;
1232;20,25;0;0;0;16;22;;
1233;15,91;1;0;1;18;19;;
1234;14,00;0;0;0;12;30;;
1235;12,30;0;0;0;20;5;;
1236;14,00;0;0;1;12;18;;
1237;25,00;1;0;0;18;35;;
1238;4,80;1;0;0;10;35;;
1239;4,25;1;0;0;7;35;;
1240;10,00;0;0;0;10;32;;
1241;5,20;1;0;0;12;4;;
1242;9,00;0;0;0;14;6;;
1243;5,25;0;0;0;11;1;;
1244;12,00;1;0;0;12;19;;
1245;15,00;0;0;1;12;15;;
1246;10,44;1;0;0;14;10;;
1247;7,50;1;0;0;14;31;;
1248;6,00;0;0;0;12;1;;
1249;7,56;1;0;0;14;6;;
1250;8,00;1;0;0;12;6;;
1251;15,00;0;0;0;14;28;;
1252;18,00;0;0;0;12;28;;
1253;4,25;1;0;0;12;0;;
1254;6,00;0;0;0;12;37;;
1255;22,22;0;0;0;12;20;;
1256;6,00;1;0;0;12;16;;
1257;1,67;0;0;0;16;10;;
1258;13,35;0;0;1;16;20;;
1259;10,50;0;0;0;12;12;;
1260;27,88;0;0;0;7;39;;
1261;5,25;1;0;0;12;5;;
1262;6,83;1;0;0;16;13;;
1263;14,75;0;1;0;12;23;;
1264;5,00;1;0;0;12;3;;
1265;4,00;1;0;0;12;14;;
1266;9,62;0;0;1;16;5;;
1267;12,00;0;0;0;12;10;;
1268;9,00;1;0;0;12;23;;
1269;5,00;1;1;0;10;38;;
1270;12,10;0;0;1;16;5;;
1271;12,00;0;0;0;12;23;;
1272;9,72;1;0;0;12;19;;
1273;12,98;0;0;0;12;45;;
1274;12,50;0;1;1;7;47;;
1275;10,00;0;1;1;12;18;;
1276;6,05;1;0;0;11;21;;
1277;10,85;1;1;0;12;27;;
1278;24,03;0;0;1;16;36;;
1279;15,81;1;0;0;12;12;;
1280;12,98;1;1;0;14;17;;
1281;2,13;1;0;0;12;10;;
1282;16,58;0;0;0;12;18;;
1283;21,45;0;0;0;16;27;;
1284;13,14;1;0;0;12;30;;
1285;1,67;1;0;0;10;45;;
1286;7,00;0;0;0;12;7;;
1287;14,90;0;0;0;16;9;;
1288;5,90;1;0;0;12;31;;
1289;10,00;0;0;1;12;20;;
